prompt,word,map_type,layer,auroc
0,dog,A,0,0.7908
0,dog,A,1,0.7043
0,dog,A,10,0.7377
0,dog,A,11,0.807
0,dog,A,12,0.8426
0,dog,A,13,0.8052
0,dog,A,14,0.8449
0,dog,A,15,0.87
0,dog,A,16,0.7467
0,dog,A,17,0.8563
0,dog,A,18,0.7918
0,dog,A,19,0.8643
0,dog,A,2,0.7118
0,dog,A,20,0.7911
0,dog,A,21,0.8104
0,dog,A,22,0.8205
0,dog,A,23,0.8057
0,dog,A,24,0.8016
0,dog,A,25,0.7968
0,dog,A,26,0.8
0,dog,A,27,0.7762
0,dog,A,28,0.7932
0,dog,A,29,0.8174
0,dog,A,3,0.7478
0,dog,A,30,0.7774
0,dog,A,31,0.7421
0,dog,A,4,0.7806
0,dog,A,5,0.7756
0,dog,A,6,0.7393
0,dog,A,7,0.7206
0,dog,A,8,0.7286
0,dog,A,9,0.6939
0,dog,R_cum,0,0.7888
0,dog,R_cum,1,0.7801
0,dog,R_cum,10,0.7976
0,dog,R_cum,11,0.8072
0,dog,R_cum,12,0.8251
0,dog,R_cum,13,0.832
0,dog,R_cum,14,0.8545
0,dog,R_cum,15,0.8783
0,dog,R_cum,16,0.8753
0,dog,R_cum,17,0.8787
0,dog,R_cum,18,0.8795
0,dog,R_cum,19,0.8816
0,dog,R_cum,2,0.7748
0,dog,R_cum,20,0.8784
0,dog,R_cum,21,0.8775
0,dog,R_cum,22,0.8773
0,dog,R_cum,23,0.8762
0,dog,R_cum,24,0.8753
0,dog,R_cum,25,0.8719
0,dog,R_cum,26,0.8732
0,dog,R_cum,27,0.8728
0,dog,R_cum,28,0.8718
0,dog,R_cum,29,0.8711
0,dog,R_cum,3,0.7745
0,dog,R_cum,30,0.8704
0,dog,R_cum,31,0.8581
0,dog,R_cum,4,0.7731
0,dog,R_cum,5,0.7773
0,dog,R_cum,6,0.7787
0,dog,R_cum,7,0.7783
0,dog,R_cum,8,0.7844
0,dog,R_cum,9,0.7769
0,dog,R_final,32,0.8581
0,dog,R_layer,0,0.7888
0,dog,R_layer,1,0.7713
0,dog,R_layer,10,0.6802
0,dog,R_layer,11,0.7436
0,dog,R_layer,12,0.8391
0,dog,R_layer,13,0.7743
0,dog,R_layer,14,0.7928
0,dog,R_layer,15,0.8563
0,dog,R_layer,16,0.7407
0,dog,R_layer,17,0.8666
0,dog,R_layer,18,0.7959
0,dog,R_layer,19,0.8327
0,dog,R_layer,2,0.6411
0,dog,R_layer,20,0.8015
0,dog,R_layer,21,0.8134
0,dog,R_layer,22,0.8069
0,dog,R_layer,23,0.7928
0,dog,R_layer,24,0.802
0,dog,R_layer,25,0.6736
0,dog,R_layer,26,0.6886
0,dog,R_layer,27,0.7723
0,dog,R_layer,28,0.7281
0,dog,R_layer,29,0.7834
0,dog,R_layer,3,0.695
0,dog,R_layer,30,0.7993
0,dog,R_layer,31,0.734
0,dog,R_layer,4,0.7526
0,dog,R_layer,5,0.7603
0,dog,R_layer,6,0.7187
0,dog,R_layer,7,0.7169
0,dog,R_layer,8,0.7219
0,dog,R_layer,9,0.6599
0,man,A,0,0.6167
0,man,A,1,0.7014
0,man,A,10,0.6574
0,man,A,11,0.6373
0,man,A,12,0.664
0,man,A,13,0.5814
0,man,A,14,0.6476
0,man,A,15,0.7061
0,man,A,16,0.6736
0,man,A,17,0.6866
0,man,A,18,0.6694
0,man,A,19,0.7064
0,man,A,2,0.7008
0,man,A,20,0.5871
0,man,A,21,0.6292
0,man,A,22,0.6242
0,man,A,23,0.6488
0,man,A,24,0.6059
0,man,A,25,0.6737
0,man,A,26,0.6235
0,man,A,27,0.5801
0,man,A,28,0.6019
0,man,A,29,0.5855
0,man,A,3,0.7372
0,man,A,30,0.6462
0,man,A,31,0.6554
0,man,A,4,0.7163
0,man,A,5,0.7259
0,man,A,6,0.7054
0,man,A,7,0.6826
0,man,A,8,0.6473
0,man,A,9,0.669
0,man,R_cum,0,0.4822
0,man,R_cum,1,0.5885
0,man,R_cum,10,0.7031
0,man,R_cum,11,0.6979
0,man,R_cum,12,0.7008
0,man,R_cum,13,0.6903
0,man,R_cum,14,0.6879
0,man,R_cum,15,0.7039
0,man,R_cum,16,0.708
0,man,R_cum,17,0.7122
0,man,R_cum,18,0.7169
0,man,R_cum,19,0.7178
0,man,R_cum,2,0.621
0,man,R_cum,20,0.7125
0,man,R_cum,21,0.7114
0,man,R_cum,22,0.7082
0,man,R_cum,23,0.7066
0,man,R_cum,24,0.7059
0,man,R_cum,25,0.7045
0,man,R_cum,26,0.7032
0,man,R_cum,27,0.7028
0,man,R_cum,28,0.7025
0,man,R_cum,29,0.7005
0,man,R_cum,3,0.6268
0,man,R_cum,30,0.7008
0,man,R_cum,31,0.6946
0,man,R_cum,4,0.6408
0,man,R_cum,5,0.6501
0,man,R_cum,6,0.6566
0,man,R_cum,7,0.6875
0,man,R_cum,8,0.7025
0,man,R_cum,9,0.7067
0,man,R_final,32,0.6946
0,man,R_layer,0,0.4822
0,man,R_layer,1,0.6675
0,man,R_layer,10,0.6298
0,man,R_layer,11,0.6202
0,man,R_layer,12,0.7019
0,man,R_layer,13,0.6163
0,man,R_layer,14,0.6316
0,man,R_layer,15,0.7087
0,man,R_layer,16,0.6904
0,man,R_layer,17,0.7177
0,man,R_layer,18,0.7165
0,man,R_layer,19,0.6899
0,man,R_layer,2,0.6956
0,man,R_layer,20,0.616
0,man,R_layer,21,0.6585
0,man,R_layer,22,0.6156
0,man,R_layer,23,0.6466
0,man,R_layer,24,0.6299
0,man,R_layer,25,0.5475
0,man,R_layer,26,0.6327
0,man,R_layer,27,0.6161
0,man,R_layer,28,0.5583
0,man,R_layer,29,0.5668
0,man,R_layer,3,0.6987
0,man,R_layer,30,0.6613
0,man,R_layer,31,0.6022
0,man,R_layer,4,0.7268
0,man,R_layer,5,0.7103
0,man,R_layer,6,0.6993
0,man,R_layer,7,0.7264
0,man,R_layer,8,0.7508
0,man,R_layer,9,0.6892
